Medication,Class / primary use,Documented timeline
Sertraline (Zoloft),SSRI antidepressant; anxiety/depression,"Started at 25 mg in September 2022, with instruction to increase to 50 mg after one week. Clancy delayed starting it until roughly mid-October; after increasing, she reported worsened anxiety, insomnia, depressed feelings, gastrointestinal symptoms, and poor appetite. Tufts instructed her to stop it in late October. tufts-care-timeline-testimony.md"
Lorazepam (Ativan),Benzodiazepine; acute anxiety/insomnia,"Prescribed by another provider before/around November. Tufts had previously given a taper instruction of reducing by 0.25 mg every two weeks, although she testified Clancy did not fully discontinue it. It was still listed with trazodone after the McLean discharge. tufts-care-timeline-testimony.md"
Diphenhydramine (Benadryl),Sedating antihistamine; often used for sleep,Tufts testified Clancy reported use with Ativan. The extract does not establish Tufts as prescriber or provide dose/dates. tufts-care-timeline-testimony.md
Quetiapine (Seroquel),Atypical antipsychotic; can be used for mood stabilization and sleep,"Prescribed by another provider, not Tufts. By Dec. 16 Clancy reportedly said she was taking 200 mg; she later reported McLean had stopped it. tufts-care-timeline-testimony.md"
Lamotrigine (Lamictal),Anticonvulsant/mood stabilizer; commonly used for bipolar maintenance/depressive-pole prevention,"25 mg daily documented on the Dec. 16 record. The excerpt does not reliably establish the exact original prescription date, prescriber, adherence, or subsequent titration. tufts-care-timeline-testimony.md"
Trazodone,Sedating antidepressant; commonly used for insomnia,"In use after McLean discharge. At the Jan. 6 follow-up, the reported plan was to increase it because sleep remained fragmented; a prescription for 150 mg, 30 count, is documented on Jan. 12, 2023. tufts-care-timeline-testimony.md"
`,Benzodiazepine; anxiety/insomnia,"By Dec. 16, Clancy said she had stopped it. Tufts prescribed it again on Jan. 9, 2023—reported as 5 mg, quantity 14. A taper was in progress on Jan. 16, with continued fragmented sleep. tufts-care-timeline-testimony.md"
Amitriptyline,"Tricyclic antidepressant; depression, anxiety, insomnia","Tufts prescribed it on Jan. 16, 2023, described as a low dose. Earlier testimony/public reporting identifies 10 mg, with a proposed increase to 20 mg on Jan. 23. tufts-care-timeline-testimony.md"
Mirtazapine (Remeron),Antidepressant with sedating properties,"Discussed as a “reasonable option” on Nov. 2, but Tufts said she did not prescribe it. Other trial evidence may indicate it was later prescribed by another clinician; the Tufts excerpt alone does not establish that. tufts-care-timeline-testimony.md"
